No,Start,Destination,Route
M5,Adyar,Kelambakkam,"Thiruvanmiyur, Perungudi, Sholinganallur, Kelambakkam"
19D,Adyar,Chemmenchery,"Chemmenchery, Thiruvanmiyur, SRP, Perungudi"
19K,Adyar B.S.,Sirusery,"Thiruvanmiyur, Perungudi, Navalur, Thalambur, Siruseri"
19P,Adyar B.S.,Kelambakkam,"SRP Tools, Perugudi, Sholinganallur, Navalur, Thalambur, Sirusery, Pudupakkam, Chettinad Hospital, Kelambakkam"
519 cut,Adyar,Thirupporur,"SRP tools, Sholinganallur, Kelambakkam, Kalavakkam, Thirupporur"
519A cut,Adyar,Aalathur IE ,"SRP tools, Sholinganallur, Kelambakkam, Thirupporur, Aalathur IE"
519T,Adyar,Thaiyur,"Perungudi, Sholinganallur, Kelambakkam, Thaiyur"
522,Adyar,Manamathi ,"Perungudi, Sholinganallur, Kelambakkam, Thirupporur, Manamathi"
568,Adyar,Mamallapuram ,"Mamallapuram, Rajiv Gandhi Salai"
C51,Adyar,Tambaram West,"Camp Road, Kamarajapuram, Medavakkam, Sholinganallur, ECR, Injambakkam, Thiruvanmyur, Tambaram West"
588,Adyar,Mamallapuram ,"Thiruvanmiyur, Injambakkam, Kovalam, Thiruvedanthai, Vadanemili, Mamallapuram"
251A,Agaramthen,T.Nagar ,"Bharath Engg. College, Camp Road, Kamarajapuram, Medavakkam, T.Nagar, Velachery, Saidapet"
51A,Agaramthen,Tambaram East,Camp Road
20K,Ambattur I.E,Thiruverkadu,
20P,Ambattur I.E,Poonamallee,"Ayapakkam, Saveetha Engineering College, Kumananchavadi, Karaiyanchavadi"
61A,Ambattur I.E,Melapedu,"Dunlop, Amabttur OT, Thirumullaivoyil, Avadi, HVF Hospital"
65B,Ambattur I.E,Poonamallee,"Karayan chavadi, Seeneerkuppam, Goverdhangiri, Avadi Market, Avadi, Thirumullaivoyal, Ambathur OT, Canara bank, Dunlop, AMBIT Park"
65C,Ambattur I.E,Pakkam,"Dunlop, Ambattur OT, Thirumulaivoyil, Avadi, Pattabiram, Jaya College, Thirunindravur"
65E,Ambattur I.E,Poonamallee,"Ambattur OT, Avadi, Kamaraj Nagar, Karaiyanchavadi"
65P,Ambattur I.E,Pattabiram,"Ambattur OT, Avadi Market, Poonamallee, Thandurai"
65R,Ambattur I.E,lyyapanthangal,"Ambattur OT, Avadi Market, Karaiyanchavadi, Kumananchavadi"
70D,Ambattur I.E,MadipakkamB.S,"Collector Nagar, CMBT, Vadapalani, Ashok Nagar, Guindy, Velachery, Ram Nagar"
D70,Ambattur I.E,Velachery,"Collector Nagar, CMBT, Vadapalani, Ashok nagar, Guindy, Checkpost, Velachery Bypass road"
D70 xt,Ambattur I.E,Medavakkam,"Collector Nagar, Vadapalani, Ashok nagar, Guindy, Checkpost, Velacherry, Pallikaranai"
M70V,Ambattur I.E,Guindy TVK Estate,"Collector Nagar, Vadapalani"
M270,Ambattur I.E,Puzhuthivakkam,"Aadambakkam, Guindy, Udhayam, CMBT, Thirumangalam"
562,Ambattur Estate,Thandalam,"Periyapalayam, Red Hills, Puzhal, Pudur, Ambattur OT"
563,Ambattur I.E,Periyapalayam,"Ambattur OT, Avadi, Pattabiram"
570A,Ambattur Estate,Kelambakkam,"CMBT, Vadapalani, Ashok Nagar, Guindy, Check post, Velachery, SRP tools, Perungudi, Sholinganallur, Navalur, Padur"
7E,Ambattur I.E,Broadway,"Central R.S, Choolai P.O, Doveton, Purasaiwakkam, Kellys, Kilpauk Gardens, Chinthamani, Thirumangalam, Wavin"
7H xt,Ambattur I.E,Broadway,"Central R.S, Vepery, Purasaiwakkam, Kellys, Kilpauk Gardens, Chinthamani, Thirumangalam"
20E,Ambattur I.E,Ayyapakkam,Korattur
22A,Ambattur I.E,Thirunamiyur,"Korattur, Lucas, Nathamuni, ICF, Ayanavaram, Kellys, Purasaiwakkam, Egmore, Triplicane, Kannagi statue, Santhome, AMS, Adyar"
34,Ambattur I.E,Thiruvottiyur,"Thirumangalam, Rountana, Chinthamani, Kellys, Purasaiwakkam, Choolai P.O., Regal, V.Nagar, Tondiarpet, Tollgate, Therady"
47C,Ambattur I.E,Kotturpuram,"Saidpet, T. Nagar, Mahalingapuram, Choolaimedu, Roundtana, Thirumangalam, Wavin"
48A,Ambattur I.E,Madhavaram,"Moolakadai, Perambur, Ayanavaram, ICF, Villivakkam, Padi"
62A,Ambattur I.E,Red Hills,Pudur
219,Ambattur I.E,Kelambakkam,"Collector Nagar, Thirumangalam, Anna Arch, Choolaimedu, Mahalingapuram, T.Nagar, Saidapet, Madhya Kailash, Tidel Park, Thoraipakkam, Siruseri"
572,Ambattur I.E,Thiruvallur,"Ambattur OT, Avadi, Pattabiram, Thirunindravur, Veppampattu, Sevapet, Kakallur"
572K,Ambattur I.E,Kilanur,"Avadi, Pattabiram, Thirunindravur, Veppampattu, Sevapet"
70L,Ambattur Karukku,CMBT,
D41,Ambattur O.T,Thiruvanmiyur,"Korattur, Lucas, Thirumangalam, Amijikarai, KMC, Chetpet, Sterling road, Gemini, Teynampet, Nandanam, Adyar Gate, Mandaveli, AMS, Adyar"
170K,Ambattur O.T,Guduvanchery,"V.Z00, Tambaram, Pallavaram, Guindy, Udhayam, Vadapalani, CMBT, Anna Nagar, Padi, Ambattur I.E"
47D,Ambattur O.T,Thiruvanmiyur,"Adyar, T. Nagar, Sterling Road, Ambattur I.E"
H27,Ambattur,Anna Square,"Triplicane, LIC, DPI, Sterling Road, Loyola College, Choolaimedu, Roundtana, Thirumangalam, Vavin, Ambattur I.E"
71,Ambattur OT,Broadway,"Central R.S, Taylors Road, New Avadi road, Nadhamuni, Padi, Ambattur IE"
147C,Ambattur O.T,T.Nagar,"Collector Nagar, Blue Star, Anna Hospital, Loyalla College, Sterling Road, Valluvar Kottam"
253,Aminjikarai,Vellavedu,"NSK, Mathuravoyal, Vellapanchavadi, Kumananchavadi, Poonamallee, Thirumazhisai"
60,Anakaputhur,Broadway,"Pammal, Pallavaram, Guindy, Little Mount, Saidapet, Teynampet, DMS, TVS, Simpson, Central R.S"
60C,Anakaputhur,Broadway,"Pammal, Pallavaram, Guindy, Little Mount, Saidapet, Teynampet, DMS, TVS, Simpson, Central R.S"
M70 xt,Anna Nagar West,Thiruvanmiyur,"Thirumangalam, CMBT, Vadapalani, Ashok nagar, Guindy, Checkpost, Velacherry, Taramani, SRP tools, Jayanthi"
7F,Anna Nagar West,Broadway,"Central R.S, Vepery, Purasaiwakkam, Kellys, Kilpauk Gardens, Chinthamani, Thirumangalam"
15,Anna NagarWest,Broadway,
15A,Anna Nagar West,Broadway,Kilpauk
15D,Anna Nagar West,Broadway,"Dasaprakash, Anna Hospital, 14 Shops"
23M extn,Anna Nagar West,Thiruvanmiyur,"Adyar, Gandhi mandapam, Little mount, Saidapet, T.Nagar, Panagal park, Liberty, Power house, Vadapalani, MMDA Colony, CMBT, Thirumangalam"
24A,Anna Nagar West,V House,"Shanthi Colony, K4 Police station, Chinthamani, Aminijikarai, Chetpet, Gemini, Royapetah"
27C cut,Anna nagar West,T. Nagar,"Panagal park, Bharathinagar, Liberty, Power house, Vadapalani, MMDA Colony, CMBT, Thirumangalam"
41C,Anna Nagar West,Thiruvanmiyur,"Adyar Depot, Adyar, AMS, Mandaveli, Mylapore, Luz, Alwarpet, DMS, Gemini, Sterling Road, Chetpet, KMC, Amijikarai, Rountana, Thirumangalam"
2A,Anna Square,"M.K.B Nagar""","Vyasarpadi, Basin Bridge, Regal, Elephant gate, Central R.S, PR & sons, Walaja Road, Bells Road"
2A xt,Anna Square,Kaviarasu Kannadasan Nagar,M.K.B Nagar
C2,Anna Square,Anna Square,"Ezhilagam, Triplicane, Chepauk, Wallaja Road, Pallavan Road, Central, Regal, Vallalar Nagar, Royapuram bridge, Beach Road, Parrys, Secretariat"
12G,Anna Square,K K Nagar,"MGR Nagar, Ashok Pillar, West Mambalam, Alwarpet, Luz"
25G,Anna Square,Poonamallee,"Kannaki Statue, V.House, Royapettah, Palmgrove, Liberty, Vadapalani, Porur, lyyapanthangal, Kumananchavadi"
27E,Anna Square,"Elango nagar officer colony""","Collector nagar, Thirumangalam, Rountana, Amijikarai, KMC, Egmore RS, Zimson, Triplicane, Kannaki Statue"
27H,Anna Square,Avadi,"Triplicane, LIC, DPI, Sterling Road, Anna Arch, Thirumangalam, Padi, Ambattur OT"
27H xt,Anna Square,Pattabiram,"Triplicane, LIC, DPI, Sterling Road, Anna Arch, Thirumangalam, Padi, Ambattur OT, Avadi"
27L,Anna Square,Mogappair West,"Triplicane, Ethiraj College, Loyola College, Choolaimedu, Thirumangalam"
27R,Anna Square,Oragadam,"Triplicane, LIC, DPI, Sterling Road, Choolaimedu, Anna Arch, Thirumangalam, Vavin, Ambattur I.E, Ambattur OT"
40,Anna Square,Meenambedu,"Triplicane, Pudhupet, Egmore, Dasaprakash, Taylors road, ICF, Nathamuni, Lucas, Ambathur IE, Ambathur OT, Venkatapuram"
40A,Anna Square,Avadi,"Triplicane, LIC, Egmore, KMC, Aminjikarai, Chinthamani, Blue Star, Collector Nagar, Ambattur OT"
45B,Anna Square,Guindy,"Saidapet, Nandanam, Teynampet, Alwarpet, Luz, Chennai Citi Centre"
45G,Anna square,Guindy,"Marina Beach, Chennai Citi Centre, Mylapore, Mandaveli, Adyar Gate, Nandanam, CIT Nagar, Srinivasa, Mettupalayam, Saidapet West"
M45B,Anna Square,Nanganallur,"Saidapet, Nandanam, Teynampet, Alwarpet, Luz, Chennai Citi Centre"
M45E,Anna Square,Kilkattalai,"Triplicane, Chennai Citi Centre, Luz, Saidapet, Velachery"
127B,Anna Square,Thiruverkadu,"Maduravoyal, KoyambeduMarket, Amijikarai, KMC, Chetpet, EgmoreR.S, Chindhatripet, Triplicane"
127H,Anna Square,Villivakkam,"Triplicane, LIC, DPI, Sterling Road, Anna Arch, Thirumangalam, Nadhamuni"
13A,Anna Square,T.Nagar,"Triplicane, Zambazzar, Express Avenue, Royapettah, Gopalapuram playground, Sapphire, LFC, Vanimahal"
22,Anna Square,Ayanavaram,"Egmore, Triplicane, Kannagi statue"
22B,Anna Square,Korattur,"Lucas, Nathamuni, ICF, Ayanavaram, Kellys, Purasaiwakkam, Egmore, Triplicane, Kannagi statue"
27B,Anna Square,CMBT,"Koyambedu, Arumbakkam, NSK nagar, Amijikarai, KMC, Chetpet, MMC School, Egmore RS, Chindatripet, Zimson, Triplicane, Kannaki Statue"
29A,Anna Square,Perambur,"Otteri, Devoton, Egmore, Pudhupet, Walaja Road, Bells Road, Triplicane"
M45A,Anna Square,Velachery,"Saidapet, Nandanam, Adyar Gate"
242xt,Anna Square,Red Hills,
61C,Avadi,Muthapudupet,"HVF Hospital, HVF Main Gate"
61K,Avadi,Kaniyamman Nagar,"HVF Hospital, Kovilpadagai, Veerapuram"
61R,Avadi,Red Hills,"HVF Hospital, Kovilpadagai, Vellanur, Veerapuram, Kadavoor"
62,Avadi,Red Hills,"Thirumullaivoyal, Ambathur OT, Pudur, Kallikuppam, Surapedu, Puzhal, Bypass road, Kavangarai, Ayurveda Ashramam"
65,Avadi,Poonamallee,"Govardhanagiri, Mettupalayam, Kaduveti, Karaiyanchavadi"
65D,Avadi,Melkondaiyur,"Pattabiram, Thirunindravur"
65G,Avadi,Meyyur,"Pattabiram, Thirunindravur"
65H,Avadi,Red Hills,"Pattabiram, Thirunindravur"
65K,Avadi,Poonamallee,"Govardhanagiri, Mettupalayam Rd JN, Parivakkam Rd JN, Kaduveti, Karaiyanchavadi"
70,Avadi,Tambaram,"Ambattur, Padi, Thirumangalam, CMBT, Vadapalani, Ashok Pillar, Chennai Airport, Pallavaram, Chromepet"
70A,Avadi,Vandalur Zoo,Tambaram
70B,Avadi,Chromepet Lakshmi,"Ambattur OT, Collector Nagar, CMBT, Vadapalani, Udhayam, Pallavaram"
A70,Avadi,Pallavaram,"Ambattur, Padi, Thirumangalam, CMBT, Vadapalani, Ashok Pillar, Kathipara, Chennai Airport"
266,Avadi,Tambaram,"Govardhanagiri, Kaduveti, Karaiyanchavadi, Kumananchavadi, Mangadu, Kundrathur, Pallavaram"
565A,Avadi,Sunguvarchatiram,"Govardhanagiri, Karaiyanchavadi, Poonamallee, Irrunkatturkottai, Sriperumbudur"
580,Avadi,Arani,"Pattabiram, Thiruninravur, Pakkam, Tamaraipakkam, Vadamadurai, Periyapalayam Koot road"
580M,Avadi,Malanthur,"Pattabiram, Thiruninravur, Pakkam, Tamaraipakkam, Vengal, Vengal Koot road"
24C,Avadi,V House,"Ambattur OT, Collector Nagar, Blue Star, Chinthamani, Aminijikarai, Chetpet, Gemini, Royapetah"
27H,Avadi,Anna Square,"Triplicane, LIC, DPI, Sterling Road, Anna Arch, Thirumangalam, Padi, Ambattur OT"
40A,Avadi,Anna Square,"Triplicane, LIC, Egmore, KMC, Aminjikarai, Chinthamani, Blue Star, Collector Nagar, Ambattur OT"
41D,Avadi,Mandaveli,"Ambattur OT, Korattur, Lucas, Thirumangalam, Amijikarai, KMC, Chetpet, Sterling road, Gemini, Teynampet, Nandanam, Adyar Gate"
47D,Avadi,Thiruvanmiyur,"Adyar, T. Nagar, Sterling Road, Ambattur I.E"
A47,Avadi,Thiruvanmiyur,"Adyar, T. Nagar, Pushpa Nagar, Ambattur I.E"
M70A,Avadi,CMBT,"Ambattur O.T, Collector Nagar"
120,Avadi,Broadway,"Central R.S, Purasaiwakkam, Sayani, ICF, Padi, Ambattur OT"
A147,Avadi,Thiruvanmiyur,"Adyar, T. Nagar, Pushpa Nagar, Ambattur I.E, Collector Nagar"
150,Avadi,Broadway,"Central, Dasaprakash, KMC, Amijikarai, Arumbakkam, Koyambedu, Nerkundram, Maduravoyal, Vanagaram, Velappan chavadi, Thiruverkadu, Govardhangiri, Avadi Market"
162A,Avadi,Mathur MMDA,Puzhal
572A,Avadi,Thiruvallur,"Pattabiram, Thirunindravur, Veppampattu, Sevapet, Kakallur"
71H,Avadi Kamaraj Nagar,Broadway,"Central R.S, New Avadi road, Nadhamuni, Ambattur IE, Ambattur OT, Avadi"
22,Ayanavaram,Anna Square,"Egmore, Triplicane, Kannagi statue"
23C,Ayanavaram,Besant Nagar/Thiruvanmiyur,"Purasaiwakkam, Egmore, LIC, TVS, Saidapet, Adyar"
35,Ayanavaram,Broadway,"Sayani, Kellys, Purasaiwakkam, Choolai P.O, Central R.S"
70G,Ayanavaram,Tambaram,"Anna Nagar East, Thirumangalam, CMBT, Vadapalani, Ashok Pillar, Chennai Airport, Pallavaram, Chromepet"
114A,Ayanavaram,Red Hills,"Puzhal, Nethaji Circle(byepass), Retteri, Lucas, ICF"
20E,Ayyappakkam,Ambattur I.E,
20J,Ayyappakkam,CMBT,
147Cxt,Ayappakkam,T. Nagar,Ambattur I.E
23M cut,Besant nagar,CMBT,"Adyar, Gandhi mandapam, Little mount, Saidapet, T. Nagar, Panagal park, Liberty, Power house, Vadapalani, MMDA Colony"
47B,Besant Nagar,Villivakkam,"Avvai Home, Adyar B.S, T.Nagar, Anna Nagar East"
5E,Besant Nagar,Vadavalanai,"Nesapakkam, MGR Nagar, KK Nagar, Ashok pillar, Jafferkhanpet, Mettupalayam, Srinivasa theater, CIT nagar, Saidapet, Anna University, Adyar, Vannanthurai, Velankkani church"
6A,Besant Nagar,Tollgate,"Adyar, Foreshore Estate, Triplicane, Parry's Corner, Maharani, Washermanpet"
23C,Besant Nagar/Thiruvanmiyur,Ayanavaram,"Purasaiwakkam, Egmore, LIC, TVS, Saidapet, Adyar"
29C,Besant Nagar/Thiruvanmiyur,Perambur,"Jamaliya, Otteri, KMC, Chetpet, Sterling Road/College Road, Gemini, Mylapore, Mandaveli, Adyar"
1G Cut,Broadway,Madipakkam,"Velachery, Saidapet, TVS, LIC, Central"
A1 xt,Broadway,Kovalam,"Central, LIC, Royapettah, Luz, Mylapore, Mandaveli, AMS, Adyar, Thiruvanmiyur, Kottivakkam, Palavakkam, Neelangarai, Injambakkam, Uthandi, Kanathur, Muttukadu boat yard"
5C,Broadway,Taramani,"Madhya Kailash, Kotturpuram, Alwarpet, Royapettah, Chennai Central"
7B,Broadway,Korattur,"Central R.S, Periamet, Vepery, Doveton, Pattalam, Otteri, Ayanavaram, Joint Office, ICF, Villivakkam, Nathamuni"
7E,Broadway,Ambattur I.E,"Central R.S, Choolai P.O, Doveton, Purasaiwakkam, Kellys, Kilpauk Gardens, Chinthamani, Thirumangalam, Wavin"
7F,Broadway,Anna Nagar West,"Central R.S, Vepery, Purasaiwakkam, Kellys, Kilpauk Gardens, Chinthamani, Thirumangalam"
7G,Broadway,Kaviarasu Kannadasan Nagar,"Moolakadai, Perambur market, Pattalam, Doveton, Periamedu, Central R.S"
7H,Broadway,Mogappair EastItems,"Central R.S, Vepery, Purasaiwakkam, Kellys, Kilpauk Gardens, Chinthamani, Thirumangalam"
7H xt,Broadway,Ambattur I.E,"Central R.S, Vepery, Purasaiwakkam, Kellys, Kilpauk Gardens, Chinthamani, Thirumangalam"
7M,Broadway,Mogappair West,"Central R.S, Vepery, Purasaiwakkam, Kellys, Kilpauk Gardens, Chinthamani, Thirumangalam"
11,Broadway,T.Nagar,"Panagal park, Vani mahal, Thousand Lights, TVS, Central R.S"
A11,Broadway,T.Nagar,Kilpauk
15,Broadway,Anna NagarWest,"Amijikarai, KMC, Dasaprakash, Central R.S"
15A,Broadway,Anna Nagar West,Teynampet
15B,Broadway,CMBT,
15D,Broadway,Anna Nagar West,"Dasaprakash, Anna Hospital, 14 Shops"
15F,Broadway,Vadapalani,"Virugambakkam, Chinmaya nagar, Koyambedu Market, CMBT, Amijikarai, KMC, Dasaprakash, Central R.S"
15F cut,Broadway,Koyambedu Market,"CMBT, Amijikarai, KMC, Dasaprakash, Central R.S"
15G,Broadway,MMDA Colony,"Central, Egmore, Dasaprakash, KMC, Taylor's Road, Aminjikarai, Razakgarden, Watertank"
15L,Broadway,Athipet ICF colony,
17,Broadway,Vadapalani,"Central, Chindatripet, Egmore RS, Chetpet, Sterling road, Loyola college, Kodambakkam"
17A,Broadway,CMBT,"Koyambedu Market, Virugambakkam, Vadapalani, Gemini"
17B,Broadway,Mangadu,"Paranipathur, Baikadai, Moulivakkam, Porur, Virugambakkam, Vadapalani, Gemini, Thousand lights, Central"
17C,Broadway,lyyapanthangal,"Central, Egmore, DPI, Sterling Road, Valluvarkottam, Liberty, Vadapalani, Virugambakkam, Valasarawakkam, Porur, SRMC"
17D,Broadway,K K Nagar,"Central, Egmore, DPI, Sterling Road, Valluvarkottam, Liberty, Udhayam, Nesapakkam"
17E,Broadway,Saligramam,"Central, Chindatripet, Egmore, DPI, Sterling Road, Valluvarkottam, Liberty, Vadapalani"
17G,Broadway,Mogalivakkam,"Kedar Hospital, Ramapuram, Angalamman Koil, Alwarthirunagar, Virugambakkam, Vadapalani, Gemini, Thousand lights, Central"
17K,Broadway,Dasarathapuram,"Central, Egmore, DPI, Sterling Road, Valluvarkottam, Liberty, Vadapalani"
17M,Broadway,Iyyapanthangal,"Porur, Virugambakkam, Vadapalani, Kodambakkam Power house, Liberty, Periyar Road, Valluvar kottam, Gemini, Thousand lights, TVS, LIC, Simpson, Central"
G17,Broadway,Mogalivakkam,"Kedar Hospital, Porur, Valsarawakkam, Alwarthirunagar, Virugambakkam, Vadapalani, Gemini, Thousand lights, Central"
18,Broadway,Guindy,"Central R.S, Zimson, Shanthi Theater, LIC, TVS, Thousand Lights, DMS, Vanavil, SIET, Defence Accounts office, Nandanam, Saidapet"
18A,Broadway,Perugalathur,"LIC, TVS, Saidapet, Guindy, Pallavaram, Chromepet, Tambaram Sanatorium, Tambaram"
18D,Broadway,Kilkattalai,"LIC, TVS, Saidapet, Guindy, St. Thomas Mount"
18E,Broadway,Ramapuram,"LIC, TVS, Saidapet, Guindy, Nandambakkam"
18F,Broadway,Guindy,"Central R.S, Simpson, LIC, TVS, DMS, Nandanam, CIT Nagar, Srinivasa, Mettupalayam, Saidapet West"
18K,Broadway,Saidapet West,"Central R.S, Simpson, LIC, TVS, DMS, Teynampet, Nandanam, CIT Nagar, Srinivasa, Mettupalayam"
K18,Broadway,Saidapet West,"Central R.S, Simpson, LIC, TVS, DMS, Teynampet, Nandanam, Saidapet, Guindy, Ekkaduthangal, Ashok nagar, Mettupalayam"
K18 cut,Broadway,Ekkaduthangal,"Central R.S, Simpson, LIC, TVS, DMS, Teynampet, Nandanam, Saidapet, Guindy, CIPET"
19G,Broadway,Kovalam,"Central, LIC, DMS, SIET, Saidapet, Anna university, Adyar, Thiruvanmiyur, Kottivakkam, Palavakkam, Neelangarai, Injambakkam, Uthandi, Kanathur, Muttukadu boat yard"
PP19,Broadway,Injambakkam,"Marina Beach, Thiruvanmiyur"
PP19xt,Broadway,Kovalam,"Marina Beach, Thiruvanmiyur, Injambakkam"
20,Broadway,Villivakkam,
20A,Broadway,Mugappair West,"Central RS, Periyamedu, Purasaiwakkam, Villivakkam, Nadhamuni, Ambattur I.E"
20B,Broadway,Menambedu,"Purasaiwakkam, Villivakkam, Nadhamuni, Padi, Ambattur I.E, Dunlop, Ambattur OT"
20C,Broadway,Oragadam,"Purasaiwakkam, Villivakkam, Nadhamuni, Padi, Ambattur I.E, Dunlop, Ambattur OT"
20M,Broadway,Kumaran Nagar,Villivakkam
20N,Broadway,Poombukar,Villivakkam
21,Broadway,Mandaveli,"Mylapore, Luz, Ajanta, Express Avenue, L.I.C, Simpson, Central"
21D,Broadway,Thiruvanmiyur,"Indira Nagar, Besant Nagar, Foreshore Estate, Anna Square"
21E,Broadway,Iyyapanthangal,"Porur, Guindy, Adayar, Foreshore Estate, Anna Square"
21G,Broadway,Tambaram,"Anna Square, Mylapore, Mandaveli, Adyar Gate, Guindy"
21H,Broadway,Kelambakkam,"Secretrariat, Anna Square, AIR, Santhome, Foreshore Estate, MRC Nagar, Adyar, SRP Tools, Perungudi, Sholinganallur, Navalur"
21K,Broadway,Bharath Electronics,"Secretrariat, Anna Square, AIR, Santhome, Foreshore Estate, MRC Nagar, Adyar, Anna University, Guindy, Butt Road, Defence Colony"
21L,Broadway,Velachery,"Marina Beach, Foreshore Estate, MRC Nagar, Adyar, Anna University, Rajbhavan, Checkpost, Dhandeswarnagar"
21L xt,Broadway,Kilkattalai,"Marina Beach, Foreshore Estate, MRC Nagar, Adyar, Anna University, Velachery"
C21,Broadway,Ottiyambakkam,"Secretrariat, Anna Square, AIR, Santhome, Foreshore Estate, MRC Nagar, Adyar, SRP Tools, Perungudi, Sholinganallur, Perumbakkam, Nukkanpalayam, Arasan Kazhani"
G21,Broadway,Chromepet,"Secretariat, Kannaki Statue, QMC, Kalyani Hospital, Sanskrit College, Luz, Mylapore, Mandaveli BS, Adyar Gate, Kotturpuram, Anna university, Guindy, Pallavaram"
H21,Broadway,Chemmenchery,"Secretrariat, Anna Square, AIR, Santhome, Foreshore Estate, MRC Nagar, Adyar, SRP Tools, Perungudi, Sholinganallur"
L21,Broadway,Velachery,"Marina Beach, Foreshore Estate, MRC Nagar, Adyar, SRP Tools"
R21,Broadway,Pallavaram,"Eachangadu, Kilkattalai, Velachery, SRP, Adayar, Foreshore Estate, Anna Square"
S21,Broadway,Mettukuppam,Adyar
T21,Broadway,Kannagi Nagar,"Thoraipakkam, Adyar, Marina"
M21G,Broadway,Guindy,"Secretariat, Kannaki Statue, QMC, Kalyani Hospital, Sanskrit College, Luz, Mylapore, Mandaveli BS, Adyar Gate, Kotturpuram, Anna university"
M21G xt,Broadway,Nanganallur,"Secretariat, Kannaki Statue, QMC, Kalyani Hospital, Luz, Mylapore, Mandaveli BS, Adyar Gate, Kotturpuram, Anna university, Guindy, Pazhavanthangal Station, Chidambaram Stores"
M21G xt,Broadway,Ekkaduthangal,"Secretariat, Kannaki Statue, QMC, Kalyani Hospital, Sanskrit College, Luz, Mylapore, Mandaveli BS, Adyar Gate, Kotturpuram, Anna university, Guindy"
PP21,Broadway,Guduvanchery,"Secretariat, Chepauk, Q.M.C, Fore Shore Estate, Adyar Bus Stand, Guindy, Pallavaram, Chromepet, Tambaram, Vandalur Zoo"
33,Broadway,M.K.B Nagar,"Vyasarpadi, Basin Bridge, Mint, Mannadi"
M33xt,Broadway,Kaviarasu Kannadasan Nagar,"M.K.B Nagar, Vyasarpadi, Basin Bridge, Mint, Mannadi"
M33A,Broadway,Moolakadai,"Central R.S, Periamet, Natarajatheatre, Pulianthope, Pattalam, Kannigapuram, Perambur B.S, Venus, Peravallur"
42,Broadway,Periyar Nagar,"Central R.S, Periamet, Nataraja theatre, Pulianthope, Pattalam, Kannigapuram, Perambur B.S, Venus, Peravallur"
42A,Broadway,G.K.M colony,
M42B,Broadway,Poombuhar,"Central R.S, Periamet, Choolaipostoffice, Doveton, Bhuvaneswari, Pattalam, Otteri, Perambur, Venus, Peravallur, Nehrusilai"
M42C,Broadway,Teacherscolony,"Central, Periamet, Natarajatheatre, Pulianthope, Pattalam, Kannigapuram, Perambur B.S, Venus, Peravallur, Kolathur, Vinayagapuram"
M42D,Broadway,Srinivasanagar,
44,Broadway,Manali,V.Nagar
44A,Broadway,I.O.C,Tondiarpet
44C,Broadway,I.O.C,Korukkupet
44D,Broadway,I.O.C,Sathiyamoorthy Nagar
44L,Broadway,Parvathi Nagar (Kodungaiyur),
50,Broadway,Thiruverkadu,"Central, Dasaprakash, KMC, Amijikarai, Arumbakkam, Koyambedu, Nerkundram, Maduravoyal, Vanagaram, Velappan chavadi"
51J,Broadway,Ponmar,"Central, LIC, DMS, SIET, Saidapet, CheckpostVelachery, Medavakkam, Sithalapakkam koot road, Kovilancherry, Madurapakkam"
51R,Broadway,Madipakkam BS,"Puzhudivakkam, Guindy Race Course"
53,Broadway,Poonamallee,Central R.S
53E,Broadway,Mangadu,"Kumananchavadi, Mathruvayoil, Arumbakkam, Aminijikarai, KMC, Central R.S"
54K,Broadway,Nemam,"Poonamallee, Kumananchavadi, SRMC, Porur, Guindy, Saidapet, DMS, TVS, LIC, Central R.S"
56,Broadway,Kargil Nagar,"V.Nagar, Tondiarpet, Thiruvottriyur, Sathyamoorthy nagar"
56 xt,Broadway,Ennore,"V.Nagar, Tondiarpet, Thiruvottriyur, Ernavoor, Ashok Leyland"
56D,Broadway,Manali,"Beach R.S, Thambuchetty St., Kalmandappam, Kasimedu, Tondirapet, Tollgate, Rajakadai, Thiruvotriyur R.S, Mattumandai"
56N,Broadway,Ennore,
56P,Broadway,Minjur New Bus Stand,"V. Nagar, TONDAIAYRPET, THIRUVETRIYUR B.S, SATHIYAMOORTHY NAGAR, NAPALAYAM, Minjur B.D.O"
58A,Broadway,Red Hills,"V.Nagar, Vyasarpadi, Moolakadai, Mathur"
58H,Broadway,New Erumai Vettipalayam,"Karanodai, RedHills, V.Nagar, Vyasarpadi, Moolakadai"
58G,Broadway,Gnayaru,"V.Nagar, Vyasarpadi, Moolakadai"
60D,Broadway,"Kamarajpuram, Anakaputhur","Pallavaram, Guindy"
60E,Broadway,Kundrathur,"Andankuppam, Anakaputtur, Pallavaram, Guindy, Anna University, Adyar, Sathyastudio, MRC Nagar, Pattinapakkam, AIR, Kannagi Statue, Annasquare"
60G,Broadway,Pozhichalur,Annasquare
60H,Broadway,"Shankar Nagar, Pammal","Pammal, Pallavaram, Guindy"
61D,Broadway,Kadavoor,"Central R.S, Purasaiwakkam, Ayanavaram, Nadhamuni, Padi, Amabattur IE, Avadi, HVF Hospital, Kovilpadagai, Veerapuram"
61D xt,Broadway,Kilkondaiyar,"Avadi, Kadavoor"
61E,Broadway,Kilkondaiyar,"Ambattur IE, Avadi, HVF Hospital, Kovilpadagai, Vellanur, Veerapuram, Arakkambakkam"
M64B,Broadway,Minjur,"Napalayam, Manali New Town, MFL, CPCL, Manali, Madhavaram Milk colony, Moolakadai, Perambur market, Pulianthope, Doveton, Central R.S"
M64C,Broadway,Manali,"Madhavaram Milk colony, Thapal petti, Moolakadai, Vyasarpadi, Pulianthope, Doveton, Central R.S"
M64D,Broadway,Kosappur,"Madhavaram Milk colony, Thapal petti, Moolakadai, Vyasarpadi, Pulianthope, Doveton, Central R.S"
71,Broadway,Ambattur OT,"Central R.S, Taylors Road, New Avadi road, Nadhamuni, Padi, Ambattur IE"
71D,Broadway,Pudur,"Central R.S, Nadhamuni, Padi, Ambattur IE, Ambattur OT"
71F,Broadway,Senthil Nagar,"Central R.S, Nadhamuni, Ambattur IE, Ambattur OT"
71H,Broadway,Avadi Kamaraj Nagar,"Central R.S, New Avadi road, Nadhamuni, Ambattur IE, Ambattur OT, Avadi"
71V,Broadway,Veppampattu,"Central R.S, Nadhamuni, Ambattur I.E, Ambattur OT, Avadi, Thirunindravur"
M116,Broadway,Kaviarasu Kannadhasan Nagar,"SIDCO, MKB Nagar, Sathyamoorthy Nagar, Basin Bridge, Mint, Stanley, Beach R.S"
M116A,Broadway,Muthamil Nagar (Kodungaiyur),"SIDCO, MKB Nagar, Sathyamoorthy Nagar, Basin Bridge, Mint, Stanley, Beach R.S"
M116L,Broadway,Parvathi Nagar (Kodungaiyur),"Muthamil Nagar, SIDCO, MKB Nagar, Sathyamoorthy Nagar, Basin Bridge, Mint, Stanley, Beach R.S"
120,Broadway,Avadi,"Central R.S, Purasaiwakkam, Sayani, ICF, Padi, Ambattur OT"
120C,Broadway,Thirumullaivoyal colony,"Central R.S, Purasaiwakkam, Sayani, ICF, Padi, Ambattur OT"
142B,Broadway,Peravallur Kumaran Nagar,
142P,Broadway,Puthagaram,
150,Broadway,Avadi,"Central, Dasaprakash, KMC, Amijikarai, Arumbakkam, Koyambedu, Nerkundram, Maduravoyal, Vanagaram, Velappan chavadi, Thiruverkadu, Govardhangiri, Avadi Market"
153,Broadway,Thirumazhisai,"Central R.S, KMC, Madhuravoyal, Poonamallee"
164C,Broadway,Manali,
502,Broadway,Sriperumbudur,"Central R.S, LIC, Saidapet, Guindy, Porur, Kumananchavadi, Poonamallee, Irrungattukottai"
527,Broadway,Thathamanji,"V.Nagar, Tondiarpet, Thiruvottriyur, Sathyamoorthy nagar, Minjur, Kadapakkam"
557,Broadway,Gummidipoondi,"Beach R.S, Mint, Vyasarpadi, Moolakadai, Red Hills, Thachur Koot Road, Puduvayal, Kavarapettai"
587,Broadway,Thirupporur,"Marina, Thiruvamiyur, ECR, Kelambakkam"
593,Broadway,Thandalam,"Beach R.S, Stanley, Mint, Basin Bridge, Vyasarpadi, Moolakadai, Puzhal, Red Hills, Karanodai, Periyapalayam"
521,Broadway,Thirupporur,"Marina, Thiruvanmiyur, Perungudi, Sholinganallur, Kelambakkam"
10E,Broadway,Ekkaduthangal,"Central R.S, Egmore R.S, Maternity Hospital, DPI, Sterling road, Valluvar Kottam, Panagal park, T. Nagar, Srinivasa Theater, Mettupalayam, Ashok Nagar, Jaffarkhanpet"
M21T,Broadway,Kannagi Nagar,"Santhome, Adyar, Perungudi"
35,Broadway,Ayanavaram,"Sayani, Kellys, Purasaiwakkam, Choolai P.O, Central R.S"
38A,Broadway,Mathur MMDA,
38H,Broadway,Madhavaram,"Thapal Petti, Moolakadai, Sharma nagar, Vyasarpadi, Basin Bridge, Mint, Stanley, Beach R.S"
51D,Broadway,Tambaram East,"Convent, Camp road, Rajakilpakkam, Kozhipannai, Madambakkam, Jothi Nagar, Noothencherry, Vengaivasal, Santhosapuram, Medavakkam Koot road, Medavakkam, Pallikaranai, Velacherry, Saidapet, DMS, TVS, LIC, Central"
H51,Broadway,Tambaram East,"Secretariat, Kannaki Statue, QMC, Kalyani Hospital, Luz, Mylapore, Mandaveli BS, AMS, Adyar Depot, SRP tools, Taramani, Velachery, Pallikaranai, Medavakkam, Santhosapuram, Kamarajapuram, Camp road, Convent"
52,Broadway,Pozhichalur,"Pallavaram, Guindy, Saidapet, DMS, TVS, LIC, Central RS"
52D,Broadway,Chitlapakkam,"Varadharaja Theater, Chromepet, Pallavaram, Guindy, Saidapet, DMS, TVS, LIC, Central RS"
53P,Broadway,Pattur,"Mangadu, Kumananchavadi, Mathruvayoil, Arumbakkam, Aminijikarai, KMC, Central R.S"
54,Broadway,Poonamallee,"Kumananchavadi, Porur, Guindy, DMS, TVS, LIC, Central R.S"
54G,Broadway,Kuthambakkam,"Vellavedu, Thirumazhisai, Poonamallee, Porur, Guindy, DMS, TVS, LIC, Central R.S"
60,Broadway,Anakaputhur,"Pammal, Pallavaram, Guindy, Little Mount, Saidapet, Teynampet, DMS, TVS, Simpson, Central R.S"
60C,Broadway,Anakaputhur,"Pammal, Pallavaram, Guindy, Little Mount, Saidapet, Teynampet, DMS, TVS, Simpson, Central R.S"
155A,Broadway,Thirumudivakkam,"Thiruneermalai, Nagakeni, Pallavaram, Guindy, Saidapet, DMS, LIC, Central R.S"
242,Broadway,Red Hills,"Central R.S, Vepery, Doveton, Perambur, Kolathur, Puzhal"
242xt,Broadway,Padiyanallur,"Perambur, Central R.S"
553,Broadway,Sriperumbudur,"Central R.S, KMC, Kumananchavadi, Poonamallee, Irrungattukottai"
571,Broadway,Thiruvallur,"Central R.S, Taylors Road, Nadhamuni, Padi, Ambattur IE, Avadi, Thirunindravur, Vepampattu, Sevapet, Kakallur"
579,Broadway,Padappai,"Karasangal, Mudichur, Tambaram, Pallavaram, Guindy, Saidapet, LIC"
588B,Broadway,Mamallapuram,"Marina Beach, Thiruvanmiyur, Injambakkam, Kovalam, Thiruvedanthai, Vadanemili"
M500,Chengalpattu,Tambaram,"Singaperumal Koil, Maraimalai nagar IE, Guduvancherry, Vandalur Zoo, Perugalathur"
500,Chengalpattu,T. Nagar,"Singaperumal Koil, Maraimalai nagar IE, Guduvancherry, Vandalur Zoo, Tambaram, Pallavaram, Guindy, Saidapet"
500A,Chengalpattu,Hasthinapuram,"Singaperumal Koil, Maraimalai nagar IE, Guduvancherry, Vandalur Zoo, Tambaram, Tambaram Sanatorium, Nehru nagar (Chromepet), Kumaran Kundram"
500C,Chengalpattu,CMBTItems,"Singaperumal Koil, Maraimalai nagar IE, Guduvancherry, Vandalur Zoo, Tambaram, Pallavaram, Guindy, Saidapet"
500J,Chengalpattu,Velachery,"Pallikkaranai, Medavakkam, Kamarajapuram, Camp Road, Tambaram East, Tambaram West, Vandalur Zoo"
500V,Chengalpattu,Velachery,Guindy Pallvaram Vandalur Zoo
577,Chengalpattu,Mandaveli,"Singaperumal Koil, Maraimalai Nagar IE, Guduvancherry, Vandalur Zoo, Tambaram, Pallavaram, Guindy, Adyar, AMS"
