S.No,T.No,VLCY,MSB,MMC,AVD,PTMS,TRL,AJJ,TRT,T.No2,TRT,AJJ,TRL,PTMS,AVD,MMC,MSB,VLCY
1,43001,0.15,1.05,43102,3.20,3.37,4.25,,,,,,,,,,,
2,43551,4.00,4.20,43002,3.50,4.35,,,,,,,,,,,,
3,43553,5.05,5.25,43004,4.00,4.50,,,,,,,,,,,,
4,43501,3.50,4.30,5.00,5.42,6.05,43652,4.10,5.10,5.55,,,,,,,,
5,66049,6.25,6.50,43202,3.50,4.18,5.05,,,,,,,,,,,
6,43101,4.15,4.55,5.20,66000,4.25,5.10,MEMU,,,,,,,,,,
7,43803,4.15,5.03,5.38,6.30,43654,4.35,5.30,6.15,,,,,,,,,
8,43201,4.30,5.10,5.45,43402,3.45,4.20,4.48,5.45,,,,,,,,,
9,43921,5.50,43932,6.25,7.10,,,,,,,,,,,,,
10,43203,5.00,5.40,6.20,43862,5.00,,,,,,,,,,,,
11,43103,5.15,5.55,6.25,43204,4.45,5.15,6.00,,,,,,,,,,
12,43401F,5.30,Fast,6.15,6.55,43404,4.25,5.00,5.30,6.25,,,,,,,,
13,43701,5.20,6.08,6.50,43104,5.30,5.47,6.40,,,,,,,,,,
14,43205,5.40,6.20,7.00,43852,5.20,5.50,,,,,,,,,,,
15,43841,6.25,6.55,7.45,43656,5.55,6.55,7.45,,,,,,,,,,
16,43503,6.00,6.40,7.10,8.05,8.30,43502,4.30,4.50,5.30,6.05,6.50,,,,,,
17,43761,5.05,5.55,6.45,7.20,66002,6.10,6.55,MEMU,,,,,,,,,
18,43105,6.20,7.00,7.30,43206,5.55,6.23,7.15,,,,,,,,,,
19,43403,6.30,7.10,7.40,8.30,43406,5.25,6.00,6.30,7.25,,,,,,,,
20,43831,7.15,7.50,66004,6.40,7.35,MEMU,,,,,,,,,,,
21,43207,6.50,7.30,8.05,43902,6.23,6.51,7.40,,,,,,,,,,
22,43861,7.35,8.10,43106,6.35,6.55,7.45,,,,,,,,,,,
23,43651,6.05,6.50,7.40,43658,7.05,8.00,8.45,,,,,,,,,,
24,66015,7.00,7.45,8.15,09.00,MEMU,43504,5.30,5.55,6.35,7.10,8.00,,,,,,
25,43107,7.15,7.55,8.35,43208,6.50,7.20,8.10,,,,,,,,,,
26,43871,7.30,8.10,60016,6.20,7.00,7.30,8.30,MLMR/VM,MEMU,,,,,,,,
27,43505,7.40,8.20,8.50,9.30,9.55,43408F,Fast,6.40,7.15,F/LINE,NS,8.25,,,,,
28,43209,7.45,8.25,9.00,43660,7.40,8.35,9.20,,,,,,,,,,
29,43003,7.50,8.35,43210,7.15,7.45,8.30,,,,,,,,,,,
30,43211,8.05,8.45,9.20,43506,6.30,6.50,7.25,7.53,8.45,,,,,,,,
31,43407,8.20,9.00,9.30,10.35,43662,7.55,8.55,9.40,,,,,,,,,
32,43653,7.25,8.10,9.05,43108,7.40,7.59,8.55,,,,,,,,,,
33,43213,8.40,9.20,9.55,43934,LS,7.00,7.35,8.05,9.15,10.00,,,,,,,
34,43005,8.55,9.40,43212,7.40,8.10,9.05,,,,,,,,,,,
35,43409,9.10,9.50,10.20,11.10,43410F,Fast,7.10,7.45,8.15,9.00,,,,,,,
36,43215,9.15,10.00,10.35,7.50,,,,,,,,,,,,,
37,43791,8.20,9.10,9.58,10.20,43882,8.18,9.15,,,,,,,,,,
38,43009,9.25,10.10,66022,7.00,7.20,7.55,8.25,9.25,MEMU,,,,,,,,
39,43219,9.35,10.20,11.05,43214,8.05,8.35,9.30,,,,,,,,,,
40,06727F,9.50,10.30,11.15,11.30,43936F,Fast,7.40,8.15,N/S,9.25,10.10,,,,,,
41,EY/RK,9.55,10.30,43216F,Fast,8.20,N/S,9.25,,,,,,,,,,
42,43507,10.05,10.00,10.40,11.10,11.55,12.20,06034F,Fast,8.00,8.35,9.40,MEMU,,,,,
43,43763,9.05,9.55,10.45,11.20,43664,8.45,9.45,10.30,,,,,,,,,
44,43793,9.15,10.05,10.53,11.15,43872,8.50,9.35,,,,,,,,,,
45,43013,10.15,11.00,43218,8.30,8.58,9.50,,,,,,,,,,,
46,43901,10.30,11.10,11.40,43792,8.45,9.05,10.05,10.50,,,,,,,,,
47,43601,10.25,11.15,43012,9.15,10.00,,,,,,,,,,,,
48,43015,10.45,11.35,43412,8.15,8.50,9.20,10.15,,,,,,,,,,
49,43411,11.00,11.40,12.15,13.05,43220,9.10,9.38,10.25,,,,,,,,,
50,43109,11.15,11.55,12.20,43222F,Fast,9.25,NS,10.30,,,,,,,,,
51,43655,10.15,11.05,12.00,43414,8.50,9.25,9.55,10.40,,,,,,,,,
52,43221,11.30,12.10,12.50,43942,8.50,9.10,9.45,10.15,11.20,12.05,,,,,,,
53,43509,11.50,11.45,12.25,12.55,13.40,14.05,43224,10.05,10.35,11.25,,,,,,,
54,43223,12.00,12.40,13.15,43110,10.30,10.50,11.40,TO,NEL,,,,,,,,
56,43941,11.20,12.10,12.55,13.30,14.20,14.45,66008,IC,06086,10.00,10.35,11.10,12.00,MEMU,,,
57,43111,12.20,13.00,13.30,43762,11.00,11.30,12.25,13.10,,,,,,,,,
58,43413,12.40,13.25,13.55,14.50,43510,10.15,10.35,11.10,11.40,12.25,,,,,,,
59,43225,13.00,13.40,14.20,43112,11.25,11.45,12.35,,,,,,,,,,
60,43765,12.15,13.05,13.53,14.30,43228,11.25,11.55,12.45,,,,,,,,,
61,43415,13.25,14.10,14.40,15.35,43666,12.10,13.05,13.50,,,,,,,,,
62,43227,13.50,14.30,15.10,43418,11.15,11.50,12.20,13.10,,,,,,,,,
63,43795,12.55,13.50,14.40,15.00,43832,12.00,12.30,TO,SHED,,,,,,,,
64,43511,14.15,14.55,15.25,16.10,16.40,43952,12.15,12.43,13.45,14.30,,,,,,,
65,43931,13.35,14.25,15.10,15.45,16.30,43114,12.30,12.50,13.40,,,,,,,,
66,43229,14.40,15.20,16.00,43420,12.00,12.35,13.10,14.00,,,,,,,,,
68,43115,15.00,15.40,16.15,43230,13.05,13.35,14.25,,,,,,,,,,
69,43513,15.15,15.55,16.25,17.10,17.40,43116,13.40,13.57,14.50,,,,,,,,
70,43233,15.35,16.15,16.50,43764,13.30,14.00,15.05,15.50,,,,,,,,,
71,43767,14.35,15.30,16.18,16.55,43512,12.35,13.10,13.45,14.20,15.10,,,,,,,
72,43417,15.50,16.30,17.00,17.45,43668,14.45,15.45,16.30,,,,,,,,,
73,66011,16.00,16.40,17.10,18.00,MEMU,43422,13.50,14.25,14.55,15.45,,,,,,,
74,43117,16.10,16.50,17.20,43232,14.40,15.10,16.00,,,,,,,,,,
75,66053,16.00,16.55,17.30,MEMU,43120,15.10,15.28,16.20,,,,,,,,,
76,43851,17.05,17.45,43234,15.05,15.33,16.30,,,,,,,,,,,
77,43235,16.30,17.10,17.50,43514,14.20,14.40,15.20,15.50,16.40,,,,,,,,
78,43421,16.45,17.25,17.55,18.40,43236,15.40,16.08,17.00,,,,,,,,,
79,43237,17.00,17.40,18.15,43670,16.15,17.15,18.00,,,,,,,,,,
80,43423,17.15,17.55,18.25,19.10,06728F,15.30,16.05,M/L,16.25,17.15,MEMU,,,,,,
81,43239,17.25,18.05,18.40,43020,16.30,17.20,,,,,,,,,,,
82,43797,16.35,17.20,18.10,18.35,43238,16.05,16.35,17.25,,,,,,,,,
83,43515,17.40,18.20,18.50,19.30/45,20.10,43672,F/SHED,16.40,17.30,18.15,,,,,,,
84,66013F,17.45,18.33,19.25,MEMU,43122,16.25,16.44,17.30,,,,,,,,,
85,43769,16.50,17.40,18.28,19.05,43424,15.40,16.15,16.50,17.45,,,,,,,,
86,43241,17.55,18.35,19.10,43674,17.00,17.55,18.40,,,,,,,,,,
87,43427,18.05,18.45,19.15,20.05,43516,15.45,16.05,16.40,17.10,18.05,,,,,,,
88,43119,18.15,18.55,19.25,43938,16.15,16.50,17.20,18.25,19.10,,,,,,,,
89,06033,18.00,18.55,19.33/35,VLR,21.45,43242,17.05,17.30,18.20,,,,,,,,
90,43933,17.15,18.10,19.05,19.35,20.20,43244,17.15,17.43,18.35,,,,,,,,
91,43943,17.35,18.30,19.00,19.15,20.25,21.00,43124,17.30,17.48,18.40,,,,,,,
92,43243,18.25,19.05,19.45,43676,17.50,18.45,19.30,,,,,,,,,,
93,43429,18.40,19.20,19.50,20.40,43426,16.50,17.30,18.00,18.50,,,,,,,,
94,43245,18.50,19.30,20.05,66012,17.40,18.10,19.00,MEMU,,,,,,,,,
95,43517,19.00,19.40,20.10,20.55,21.30,43766,17.55,18.23,19.25,20.10,,,,,,,
96,66021F,19.10,N/S,19.30,20.30,43518,17.00,17.22,18.00,18.28,19.20,,,,,,,
97,43121,19.15,19.55,20.20,43248,18.10,18.38,19.30,,,,,,,,,,
98,43433,19.30,20.13,21.15,43768,18.30,18.58,20.00,20.45,,,,,,,,,
99,43771,18.20,19.10,20.00,20.40,43428,18.00,18.35,19.03,19.55,,,,,,,,
100,43657,18.45,19.35,20.25,43126,18.50,19.08,20.00,,,,,,,,,,
101,43435,19.45,20.28,20.57,21.50,43250,18.50,19.25,20.10,,,,,,,,,
102,43773,19.00,19.50,20.35,21.15,66014,18.25,19.00,19.35,20.25,MEMU,,,,,,,
103,43247,20.00,20.40,21.25,43520,18.20,18.40,19.20,19.50,20.40,,,,,,,,
104,43437F,20.10,N/S,Fast,21.00,21.30,43128,19.35,19.55,20.45,,,,,,,,
105,43519,20.20,21.00,21.35,22.20,22.50,43770,19.30,20.00,21.00,21.45,,,,,,,
106,43659,19.30,20.20,21.10,43432,19.00,19.35,20.05,21.00,,,,,,,,,
107,43123,20.30,21.13,21.40,43252,19.40,20.10,21.10,,,,,,,,,,
108,43249,20.40,21.20,22.00,43254,20.00,20.28,21.20,,,,,,,,,,
109,43251,20.55,21.35,22.15,43434,19.25,20.10,20.38,21.30,TO,NEL,,,,,,,
110,43439,21.05,21.45,22.20,23.05,43794,20.25,20.45,22.00,22.45,,,,,,,,
111,66003,21.20,21.15,22.00,MEMU,43256,20.30,20.58,21.50,,,,,,,,,
112,43661,20.10,21.00,21.50,66010,19.55,20.35,21.05,22.00,MEMU,,,,,,,,
113,43125,21.25,22.05,22.35,43702,20.50,21.20,22.20,TO,NEL,,,,,,,,
114,43253,21.40,22.20,23.00,43438,20.25,21.00,21.30,22.25,,,,,,,,,
115,43663,20.50,21.45,22.40,43440,20.50,21.25,21.55,22.40,MMC,NS,1,,,,,,
116,43441,22.00,22.45,23.25,0.05,43836,21.35,22.05,TO,SHED,,,,,,,,
117,66005,22.20,23.10,MEMU,43130,21.50,22.08,23.00,,,,,,,,,,
118,43127,22.35,23.10,23.45,43522,20.45,21.10,21.45,22.15,23.15,MMC,NS,2,,,,,
119,66009,22.45,23.25,MEMU,23.55,0.50,43838,22.10,22.45,TO,SHED,,,,,,,
120,43255,23.15,23.55,0.35,43552,21.15,21.40,AJJ,NS,2,,,,,,,,
121,43799,22.30,23.15,0.05,0.35,43442,21.45,22.20,22.50,23.40,MMC,NS,3,,,,,
122,66007,23.30,0.15,MEMU,43132,22.45,23.05,23.55,,,,,,,,,,
123,43025,23.45,0.30,43524,21.45,22.05,22.40,23.10,0.20,MMC,NS,6,,,,,,
124,43554,23.15,23.35,AJJ,NS,6,,,,,,,,,,,,
-,43892,23.55,0.15,TO,SHED,,,,,,,,,,,,,
