S.No,T.No,MSB,TBM,CGL,CJ,TMLP/AJJ,T.No2,AJJ/TMLP,CJ,CGL,TBM,MSB,Extra1,Extra2
1,40501,3.55,4.50,5.35,40002,3.55,4.50,,,,,,,
2,40001,4.15,5.10,40004,4.15,5.10,,,,,,,,
3,40503,4.35,5.30,6.20,40006,4.35,5.30,,,,,,,
4,40505,4.55,5.50,6.40,40502,4.00,4.55,5.50,,,,,,
5,40203,6.00,6.55,MF/S,4,40008,5.12,6.07,,,,,,
6,40507,5.15,6.10,7.05,40504,4.30,5.25,6.20,,,,,,
7,40701,5.30,6.25/30,07.17/07.25,8.15,40010,5.38,6.33,,,,,,
8,40509,5.45,6.40,7.30,40506,4.45,5.51,6.46,,,,,,
9,40511,6.00,6.55,7.45,40012,6.03,6.58,,,,,,,
10,40003,6.15,7.10,40508,5.20,6.15,7.10,,,,,,,
11,40513,6.25,7.20,8.10,40014,6.30,7.25,,,,,,,
12,40515,6.38,7.35,8.25,40510,5.50,6.45,7.40,,,,,,
13,40517,6.52,7.47,8.35,40018,7.00,7.55,,,,,,,
14,40519,7.03,8.00,8.50,40902,AJJ,4.40,5.15,6.07/06.15,7.10,8.05,,,
15,40005,7.15,8.10,40020,7.17,8.12,,,,,,,,
16,44002,8.20,9.25,AJJ,10.30,40022,7.27,8.22,,,,,,
17,40801,7.27,8.22/25,9.14/09.22,10.30,TMLP,10.50,40512,6.40,7.35,8.30,,,
18,40007,7.33,8.28,40024,7.43,8.38,,,,,,,,
19,40009,7.41,8.36,40514,6.55,7.51,8.46,,,,,,,
20,42502,07.40/50,8.45,9.35,40702,6.10,06.55/07.05,7.58,8.53,,,,,
21,40011,8.00,8.55,40026,8.05,9.00,,,,,,,,
22,40015,8.10,9.05,44001,AJJ,5.50,6.25,07.15,,,,,,
23,40017,8.19,9.15,40516,7.15,8.10,9.05,,,,,,,
24,40019,8.27,9.22,DT/S,1,40028,8.19,9.14,,,,,,
25,40021,8.35,9.30,40030,LS/GL,8.26,9.21,,,,,,,
26,40023,8.43,9.40,40204,7.30,8.25,,,,,,,,
27,06721,8.49,9.45,10.28/10.30,40032,8.33,9.28,,,,,,,
28,40025,8.55,9.50,40518F,7.45,8.30/31,9.20,,,,,,,
29,40521,9.02,9.57,10.45,40034,LS/GL,8.39,9.34,,,,,,
30,40027,9.08,10.03,DT/S,2,40802F,TMLP,07.00,7.15,07.57/08.05,8.38/40,9.30,,
31,40029,9.14,10.09,DTS/,3,40036,8.46,9.41,,,,,,
32,40031,9.20,10.16,40038,8.53,9.48,,,,,,,,
33,40523,9.30,10.27,11.20,40520F,On,3rd,line,8.05,08.53/55,9.45,,,
34,40033,9.40,10.35,40040,9.00,9.55,,,,,,,,
35,40035,9.48,10.43,40042,9.08,10.03,,,,,,,,
36,40525,9.56,10.51,11.45,40522,8.25,9.15,10.10,,,,,,
37,40037,10.04,10.59,40044,9.22,10.17,,,,,,,,
38,40039,10.12,11.07,DTS/,4,40524,8.40,9.30,10.25,,,,,
39,P.SPL,TO,TBM,10.18,11.13,40526F,M/L,8.50,9.35,10.27,,,,
40,40041,10.24,11.19,DTS/,5,40904F,7.30,8.15,(M/L),08.57/09.05,9.45,10.35,,
41,40043,10.30,11.25,40046,9.40,10.35,,,,,,,,
42,40045,10.36,11.31,DTS/,6,40048,9.50,10.45,,,,,,
43,40047,10.46,11.41,40050,10.02,10.57,,,,,,,,
44,40527,10.56,11.51,12.40,40528,9.20,10.15,11.10,,,,,,
45,40049,11.06,12.01,40052,10.30,11.25,,,,,,,,
46,40051,11.14,12.09,DTS/,7,40054,10.40,11.35,,,,,,
47,40053,11.22,12.17,42501,10.00,10.50,11.45,,,,,,,
48,40055,11.30,12.25,40056,11.00,11.55,,,,,,,,
49,40529,11.40,12.35,13.25,40058,11.10,12.05,,,,,,,
50,40057,11.50,12.45,DTS/,8,40704,9.30,10.22/10.30,11.20,12.15,,,,
51,40059,12.00,12.55,40060,11.30,12.25,,,,,,,,
52,40061,12.10,13.05,40062,11.40,12.35,,,,,,,,
53,40531,12.20,13.15,14.00,40530,11.00,11.50,12.45,,,,,,
54,40063,12.30,13.25,40064,12.05,13.00,,,,,,,,
55,40533,12.40,13.35,14.25,40532,11.30,12.20,13.15,,,,,,
56,40065,12.50,13.45,40068,12.35,13.20,,,,,,,,
57,40901,13.00,13.55,14.45/14.53,15.35,AJJ,16.20,40534,12.00,12.50,13.45,,,
58,40067,13.15,14.10,40072,13.00,13.55,,,,,,,,
59,40069,13.30,14.25,40804,TMLP,11.05,11.20,12.10/12.20,13.15,14.10,,,,
60,40535,13.45,14.45,15.30,40074,13.30,14.25,,,,,,,
61,40073,14.00,14.55,40076,13.40,14.35,,,,,,,,
62,40537,14.15,15.10,16.00,40536,13.00,13.55,14.50,,,,,,
63,40539,14.30,15.30,16.25,40078,14.05,15.00,,,,,,,
64,40077,14.45,15.40,40082,14.20,15.15,,,,,,,,
65,40803,15.00,16.00,16.52/17.00,17.45/52,TMLP,18.20,40538,13.45,14.35,15.30,,,
66,40079,15.15,16.10,40084,14.50,15.45,,,,,,,,
67,40541,15.30,16.25,17.15,P.SPL,TO,MSB,EF/S,1,14.57,15.52,,,
68,40081,15.45,16.40,40540,14.20,15.05,16.00,,,,,,,
69,40543,15.55,16.50,17.40,40086,15.20,16.15,,,,,,,
70,40545,16.05,17.05,17.55,40088,EF/S,2,15.35,16.30,,,,,
71,40085,16.15,17.10,40542,15.05,15.50,16.50,,,,,,,
72,40087,16.25,17.20,MSB,CONS,2,40090,EF/S,3,16.05,17.00,,,
73,40547,16.32,17.27,18.20,40094,16.15,17.10,,,,,,,
74,40089,16.40,17.35,MSB,CONS,1,40096,EF/S,4,16.25,17.20,,,
75,42522,16.35/50,17.43,40098,16.35,17.30,,,,,,,,
76,40549,17.00,17.55,18.45,06722,15.43/15.45,16.45,17.40,,,,,,
77,40091,17.08,18.03,40100,EF/S,5,16.52,17.47,,,,,,
78,40093,17.16,17.11,MSB,CONS,3,40544,16.05,16.58,17.53,,,,
79,40551,17.25,18.20,19.10,40102,EF/S,6,17.04,17.59,,,,,
80,40553,17.35,18.30,19.25,40104,17.10,18.05,,,,,,,
81,40097,17.43,18.38,LS/GL,40106,17.18,18.13,,,,,,,
82,40099,17.51,18.46,LS/GL,40546,16.35,17.25,18.20,,,,,,
83,40555,17.59,18.55,19.50,40108,17.31,18.26,,,,,,,
84,40903F,18.07,18.50,19.32/19.40,20.15,21.15/AJJNS1,40110,EF/S,7,17.37,18.32,,,
85,40101,18.14,19.09,40112,17.43,18.38,,,,,,,,
86,40557,18.21,19.16,20.10,40548,17.00,17.50,18.45,,,,,,
87,40103,18.28,19.23,42521,17.58,18.55/19.05,,,,,,,,
88,44004,20.25,21.15,AJJ,22.00,40114,EF/S,8,18.05,19.00,,,,
89,40105,18.35,19.30,40116,18.12,19.07,,,,,,,,
90,40905,18.42,19.37,20.40/20.50,21.35,22.30/AJJNS2,40550,17.30,18.19,19.14,,,,
91,40107,18.49,19.44,40118,18.26,19.21,,,,,,,,
92,40109,18.56,19.51,40120,18.33,19.28,,,,,,,,
93,40559,19.05,20.00,20.50,40552,17.45,18.40,19.35,,,,,,
94,40111,19.12,20.07,NTS,1,40122,18.50,19.45,,,,,,
95,40113,19.19,20.14,40124,18.57,19.52,,,,,,,,
96,40703,19.26,20.21,21.22/21.30,22.15,CJ,NS,1,40554,18.10,19.05,20.00,,
97,40115,19.33,20.28,NTS,2,40126,19.15,20.10,,,,,,
98,40117,19.41,20.36,40556,18.30,19.30,20.25,,,,,,,
99,40805,19.50,20.45,21.42/21.50,22.30,22.50/TMLPNS1,40906,AJJ,17.15,17.55,18.45/18.55,19.45,20.30,
100,40119,19.57,20.52,40132,20.00,20.55,,,,,,,,
101,40561,20.05,21.00,21.55,CGL,NS,1,40558,19.10,20.10,21.05,,,
102,40121,20.15,21.10,40560,19.30,20.20,21.15,,,,,,,
103,40123,20.25,21.20,NTS,3,40134,20.30,21.25,,,,,,
104,40127,20.35,21.30,40138,20.45,21.40,,,,,,,,
105,40563,20.45,21.45,22.40,40562,20.05,21.00,21.55,,,,,,
106,40131,20.55,21.50,NTS,6,40140,21.15,22.10,,,,,,
107,40133,21.10,22.05,NTS,7,40564,20.30,21.30,22.25,,,,,
108,40565,21.20,22.15,23.10,CGL,NS,2,44003,18.15,18.35,19.00,20.15,,
109,40135,21.30,22.25,NTS,8,40144,21.45,22.40,,,,,,
110,40137,21.40,22.35,40566,21.10,22.00,22.55,,,,,,,
111,40567,22.00,22.55,23.40,CGL,NS,3,40806,TMLP,20.00,20.25,21.27/21.35,22.20,23.15
112,40141,22.20,23.15,40146,22.40,23.35,,,,,,,,
113,40569,22.40,23.35/40,0.40,CGL,NS,4,40568,22.10,23.00,23.55,,,
114,40145,23.05,0.00,NTS,10,40148,23.20,0.15,,,,,,
115,40147,23.30,0.25,NTS,11,40150,23.40,0.35,,,,,,
116,40149,23.59,0.54,NTS,12,40570,23.00,23.55/59,0.54,,,,,
